a1,a5,a7,costop,expshare,mwdays,wdays,employment,wages,output_value,year
102013,24103,3,3629251994,1,347,347,433012,188183658,3715064319,2019-20
105270,24202,6,1445603920,13,302,302,139703,138762640,1576324928,2019-20
108872,23941,8,9147909017,18,357,357,646767,1441424569,8576612953,2019-20
109043,24101,8,6267032802,27,355,355,596542,723279717,10208455287,2019-20
109053,24105,8,12106328442,7,355,355,528444,752729869,12472574695,2019-20
109068,24203,8,59725977643,24,366,366,624416,3599108340,73695890879,2019-20
112453,24202,9,58161328317,41,365,365,13260517,16433556672,62323803340,2019-20
112473,24209,9,204905871,100,294,294,71295,30099222,206588202,2019-20
112528,24105,9,4626831147,68,308,308,954700,718089502,2697271223,2019-20
118987,24101,19,3726134000,1,356,356,684638,345178000,3645668025,2019-20
118995,24102,19,3645606739,2,358,358,303305,212608823,3328077966,2019-20
119018,24105,19,4855159587,1,357,357,261011,184919643,4916363938,2019-20
119036,24107,19,602119810,26,293,293,132936,136493785,558703152,2019-20
119068,24203,19,4914072741,12,344,344,141243,89362852,4783289750,2019-20
120061,24103,20,311887191679,7,366,366,46511423,69756148035,357546285674,2019-20
120101,24104,20,1091749990,65,357,357,119444,38930590,1007901711,2019-20
120103,24104,20,3940104288,9,299,299,327922,139811942,3999344741,2019-20
120984,24202,21,1385859492,12,297,297,253178,131206755,1381393663,2019-20
126601,23941,24,5040305506,19,326,326,766863,1204096731,5927467721,2019-20
126679,24106,24,94599673,32,310,310,80719,49052606,98528249,2019-20
126685,24105,24,580398400,3,305,305,238620,120602606,558434710,2019-20
126696,24102,24,4474111001,5,298,298,367476,219555704,3943161498,2019-20
126697,24106,24,37900944692,22,308,308,1908742,2175077888,39071469472,2019-20
126699,24103,24,5679982635,40,358,358,636677,456313944,5338214478,2019-20
126790,24201,24,915234600,18,307,307,100518,85532612,934197827,2019-20
127291,24105,24,14069845025,7,169,215,226792,268905940,12603292097,2019-20
131487,20129,27,393248117,54,309,309,81158,86999176,372023901,2019-20
132386,24105,27,38991069594,9,306,306,1482540,1219743369,44348845710,2019-20
136345,24104,28,3017913613,92,358,358,686680,510636490,1607549244,2019-20
140958,24101,30,17045804510,16,365,365,1318500,1443080734,18262360472,2019-20
142455,24209,32,3603978485,8,352,352,301200,519415652,3892739130,2019-20
149105,24103,33,2763041320,3,294,294,155555,76137432,2722839419,2019-20
149179,24105,33,597795668,7,296,296,132898,123779231,474255983,2019-20
152464,24104,34,1264210334,23,292,292,248015,204766802,1454735980,2019-20
153761,24104,36,1922022812,16,296,296,128636,173971816,2055692088,2019-20
153768,24105,36,7423000000,3,298,298,1391862,1460372020,7742670991,2019-20
153795,24202,36,828166246,8,299,299,305877,178972761,866386300,2019-20
201244,24103,3,117859351,5,299,299,14608,7890648,127389504,2019-20
207838,24101,20,1005071151,1,357,357,77744,50372215,956442179,2019-20
210823,24106,24,266684908,73,307,307,53654,24973737,275646831,2019-20
211106,24106,24,251342090,1,291,291,98466,46278706,218411818,2019-20
211260,24103,24,143546643,40,302,302,117866,69251446,144875639,2019-20
213873,24201,27,631301407,53,299,299,92374,62941086,645802603,2019-20
215900,24104,28,2203888419,24,366,366,364891,220965848,2205297091,2019-20
102006,24103,3,1077905668,1,279,279,376843,321015524,2189022000,2020-21
102008,24105,3,1442061541,2,281,281,213532,164290724,4049131842,2020-21
102215,24201,3,472139731,2,301,301,218202,119680592,900403342,2020-21
105350,24105,6,65392695431,5,280,280,5882754,4396561923,129711443322,2020-21
105371,24103,6,951883210,25,268,268,175272,216200000,1919763038,2020-21
105434,24202,6,1690879611,17,305,305,150440,186181380,3785508084,2020-21
109205,23941,8,11903055732,1,338,338,1978557,2497582958,33845471352,2020-21
109339,24105,8,368014331,29,306,306,220447,152618782,613743988,2020-21
109375,24101,8,6279408614,8,327,327,624474,830741971,21913611926,2020-21
109401,24201,8,3160199838,65,255,306,2799714,3909398919,6214516030,2020-21
109402,24202,8,2202792444,10,308,308,479998,266189980,4657493886,2020-21
109405,24203,8,69067823373,27,365,365,528834,3181982096,187177114972,2020-21
109408,24201,8,9101321623,25,305,305,670441,630790325,18048542296,2020-21
109412,24201,8,180797561,3,303,303,34626,34658250,373034344,2020-21
109434,24203,8,19941655977,5,364,364,257830,1386683352,45015504032,2020-21
112850,24105,9,5331748395,8,302,308,918498,815821522,5603342128,2020-21
119519,24105,19,69959500000,15,365,365,12362327,36117800500,153469942746,2020-21
119532,24104,19,6896311860,14,327,327,1281109,763187561,14188263694,2020-21
119536,24102,19,26557800000,19,365,365,6730825,4214200000,63052921364,2020-21
119537,24101,19,4999377000,1,365,365,632188,360609000,9855458990,2020-21
119538,24101,19,14458203000,4,365,365,3195010,3821951790,35286601466,2020-21
119561,24102,19,946149110,20,365,365,78660,60856516,1709396228,2020-21
119571,24105,19,7808672000,1,334,365,1778786,1188379343,17780646090,2020-21
119574,24105,19,2007264812,4,284,284,255041,215062811,4242194984,2020-21
119576,24104,19,8241953821,14,335,335,1106473,466726200,17634558940,2020-21
119583,24103,19,13908822968,7,335,335,2760303,2131846937,28607782080,2020-21
119586,24103,19,1426736000,38,305,305,192866,235862000,2961757840,2020-21
119588,24107,19,515197758,46,262,262,151264,117294182,1026382242,2020-21
119590,24103,19,5137502164,35,357,357,207028,220724365,10626820600,2020-21
119613,24101,19,15709698184,20,365,365,1259066,648803482,38646550102,2020-21
119624,24203,19,5843148044,15,255,255,123560,80712690,11790405038,2020-21
119632,24202,19,623804228,25,229,307,157108,78253214,1166622170,2020-21
120621,24103,20,299628395778,10,365,365,45935626,71377912533,750054124974,2020-21
120637,24105,20,20761611027,21,365,365,2097297,4200315305,43377007420,2020-21
120656,24104,20,4383544779,13,365,365,320948,143806100,8975461636,2020-21
120658,24102,20,2609540880,5,343,343,598608,308883452,4719605674,2020-21
120667,24101,20,6571285098,10,365,365,721588,563612070,9543482302,2020-21
120670,24105,20,38797055776,10,365,365,6281271,5337243234,88224882348,2020-21
120688,24202,20,6599506657,5,303,303,1166381,1321289015,15414827074,2020-21
121436,24105,21,110016600000,7,365,365,39231925,53455131282,274227600392,2020-21
121448,24104,21,2733413821,72,365,365,665292,785416648,6364355078,2020-21
121471,24104,21,14292000000,92,365,365,3671543,3581996807,34072384170,2020-21
121477,24104,21,5222215594,8,365,365,1301835,686238665,14542732716,2020-21
121486,24105,21,104406299998,25,365,365,5709357,5978713196,217296899526,2020-21
121517,24102,21,19304712701,2,365,365,865257,1147766966,41426677190,2020-21
121533,24105,21,99941379029,22,365,365,10633725,13650164252,221388124962,2020-21
121535,24105,21,127868500000,15,365,365,10042290,7130438508,299269810778,2020-21
122230,24102,22,2930283679,80,309,309,495870,420627798,4464855984,2020-21
122232,24105,22,735709969,88,308,308,154912,57423191,1333566458,2020-21
122233,24101,22,119922234584,14,317,317,3653408,6550875833,253902557240,2020-21
122238,24105,22,14826711070,88,309,309,2178615,1120001830,26764476620,2020-21
122242,24105,22,5221612482,98,309,309,434742,160820756,10474651754,2020-21
122247,24105,22,3357337866,88,309,309,453714,167910175,6849406398,2020-21
122267,24104,22,1402104246,44,238,238,139971,163078570,1610670046,2020-21
122272,24103,22,2624643282,88,309,309,270132,203948738,5367417334,2020-21
122273,24105,22,4155671550,88,309,309,427704,274707439,8699270182,2020-21
122285,24102,22,4694101147,88,309,309,724680,424591618,9261188870,2020-21
122290,24105,22,790233866,88,309,309,166200,105911004,1578293412,2020-21
122296,24102,22,28622492732,88,309,309,8679360,6910628950,71447401152,2020-21
122299,24105,22,2010965530,88,309,309,200766,293883911,4306118588,2020-21
122305,24105,22,2540605474,88,309,309,679302,264479514,5150247272,2020-21
122314,24105,22,606692035,88,309,309,182406,52857032,1232408024,2020-21
122339,24102,22,908370017,88,309,309,166710,158256427,1887068638,2020-21
122344,24105,22,680364188,88,309,309,118326,46285360,1386867542,2020-21
122358,24202,22,476377390,82,309,309,91986,62736222,936797782,2020-21
123855,24201,23,24604651,2,243,243,3454,913080,44624214,2020-21
126284,20121,24,38996469089,5,365,365,2125990,8600882326,119216815478,2020-21
127276,23941,24,4068143000,8,317,317,738237,1245602157,11899855254,2020-21
127351,24105,24,272959000000,18,313,313,13303310,12804326326,592046569508,2020-21
127354,24105,24,2653423517,49,300,300,411264,375654990,5210146984,2020-21
127371,24102,24,3014636000,1,316,316,553223,354522865,5948144894,2020-21
127372,24106,24,16582204548,51,311,311,1717175,1703741346,42416045102,2020-21
127374,24103,24,6868318605,36,357,357,726410,524600536,13884419404,2020-21
127376,24103,24,7587123920,35,299,299,714419,696250401,16431545474,2020-21
127385,24106,24,143771565,50,298,298,142654,111639954,276214784,2020-21
127396,24106,24,3412296417,40,311,311,479521,407980432,6885567736,2020-21
127416,24103,24,107389886,10,253,253,102661,58409384,235242454,2020-21
127434,24105,24,4082508911,2,124,155,56994,163296174,7042730682,2020-21
127462,24201,24,1077010032,17,313,313,80790,80208728,2310346334,2020-21
127465,24202,24,2358887820,31,311,311,306012,275945452,4758132416,2020-21
130064,24202,25,816408684,17,290,290,130180,91505390,1644082234,2020-21
130066,24202,25,222567732,10,278,278,70680,48563262,456754600,2020-21
130067,24202,25,450018598,2,294,294,306992,133684259,1048317808,2020-21
130071,24209,25,3830862826,11,297,297,566858,290910578,7709859848,2020-21
130077,24202,25,2673860840,4,340,340,133889,156576436,5611110874,2020-21
132268,20129,27,512295286,31,315,315,89020,72652189,1114184186,2020-21
133139,24105,27,50478507757,32,305,305,1575535,3152970099,102477300286,2020-21
133142,24105,27,14801738922,1,304,304,1138958,2090431782,35155488968,2020-21
133154,24106,27,884832571,56,273,273,236018,321691750,1690160960,2020-21
133159,24106,27,19736003632,4,308,308,1604524,3137761370,33680826080,2020-21
133198,24105,27,26337303518,20,365,365,3080487,4283022820,63333984754,2020-21
133204,24105,27,36233825403,29,351,365,1326088,2462298266,96489572518,2020-21
133216,24101,27,941579482,24,260,312,129040,176447777,1870406900,2020-21
133249,24105,27,39292502961,1,365,365,1459690,2049218144,84929959716,2020-21
133277,24106,27,1178706228,13,309,309,133468,90334186,2277707100,2020-21
133286,24202,27,3468006003,4,299,299,256444,366765084,7319394696,2020-21
133289,24201,27,1174140589,6,280,280,103084,88461098,2314035610,2020-21
133311,24202,27,300794983,40,276,276,228146,168630044,714356792,2020-21
133312,24209,27,588732879,93,303,303,29436,206334966,1560972408,2020-21
133324,24209,27,1554844904,21,303,303,204584,247827094,3339139902,2020-21
133373,24106,27,1284345475,18,302,302,209647,321187538,2844749480,2020-21
137256,24104,28,21338874631,46,363,363,1361340,1265763655,42357916072,2020-21
137261,24104,28,1935338359,67,365,365,295760,226902532,4075958572,2020-21
137278,24209,28,1465584429,100,336,336,371365,407848241,4023922032,2020-21
137284,24203,28,1229129936,52,294,294,111185,75897848,2417712798,2020-21
139420,20121,29,16425453903,1,293,293,526356,1298446564,33718860074,2020-21
139976,24103,29,14284112716,2,298,298,427386,287738594,29785607404,2020-21
139992,24202,29,19921624139,9,278,278,1775548,2315264650,46290628972,2020-21
139993,24202,29,7990993396,28,365,365,848131,1133871535,20646960592,2020-21
139994,24201,29,42611414,91,245,245,11073,6538700,42306110,2020-21
140000,24209,29,1366862880,91,303,303,357931,415355173,2836807236,2020-21
141807,24101,30,13986625231,32,348,348,1615436,1950377060,36293369866,2020-21
149265,20121,33,10240930958,20,272,272,583355,786240190,21433401716,2020-21
150290,24105,33,860046164,1,272,272,117148,94376853,1730342500,2020-21
150294,24105,33,13039622137,16,281,281,2077494,2568439062,30700755818,2020-21
150319,24103,33,3622135591,3,303,303,460868,356221938,6778501674,2020-21
150323,24101,33,2399886205,1,314,314,609696,427377038,3646448544,2020-21
150337,24105,33,952454286,13,288,288,205660,166359543,1959309966,2020-21
150364,24105,33,283819878,62,296,356,131408,127474140,535706354,2020-21
150403,24209,33,2038809542,25,290,290,364336,476984584,4760190540,2020-21
153944,24104,34,1254527951,20,278,278,239198,237153460,2506325350,2020-21
153951,24105,34,3616982607,8,258,258,268054,154977820,7135821182,2020-21
154834,20121,36,2274099098,37,231,231,150853,192991572,4311399516,2020-21
155296,24104,36,7902470780,52,365,365,773070,581503432,13108052088,2020-21
155326,24202,36,814871079,15,263,263,278092,182659241,1863854296,2020-21
203644,20121,8,133294381,3,291,306,16486,10379550,277480350,2020-21
207355,24104,19,4223102834,10,298,298,440096,293004792,8550122036,2020-21
211025,24204,24,36762346,90,262,262,21422,19299496,117241108,2020-21
213570,24105,27,824491170,10,302,302,52284,51688582,1628327802,2020-21
218325,24202,32,33327445,23,284,284,19302,5382632,69861740,2020-21
100273,24107,1,141312730,26,303,303,57363,33649240,284456118,2021-22
101997,24103,3,9120005263,2,310,310,1319022,1137783204,20829023730,2021-22
102004,24105,3,12788952910,6,310,310,2006012,1795071798,28344585572,2021-22
102013,24105,3,2283715000,7,365,365,300860,223232000,5364391412,2021-22
102024,24105,3,3848783895,1,305,305,392162,247771956,7752633998,2021-22
102039,24202,3,664366000,9,306,306,248460,139507000,1335371474,2021-22
102794,24202,4,911428563,13,306,306,124204,144386030,2109777060,2021-22
104874,20129,6,1232632573,17,305,305,358335,256137385,2547276886,2021-22
105162,24105,6,87347391273,1,313,313,1320505,1811770071,205707757216,2021-22
105200,24201,6,1303355406,22,305,305,216351,283171469,2509450402,2021-22
105249,24107,6,3342958222,25,302,302,1167206,806724675,7115682162,2021-22
108816,23941,8,6666164925,2,365,365,950546,1047227253,18434715830,2021-22
108961,24105,8,463776258,34,306,306,227509,174432973,826989538,2021-22
108962,24106,8,4092187000,1,300,300,404413,280150000,8405641260,2021-22
108995,24101,8,9693822722,13,358,358,558899,807148969,37355299638,2021-22
109006,24105,8,20096265000,20,355,355,928500,1210277070,41363111292,2021-22
109024,24202,8,3129336476,9,365,365,459040,264154502,7126442114,2021-22
109025,24203,8,101387051031,28,365,365,551606,3119151650,264250191050,2021-22
109029,24203,8,53886790313,7,365,365,279296,1183450352,111899931112,2021-22
109031,24201,8,330224727,17,328,328,34586,39905732,693660850,2021-22
112682,24105,9,8030562000,12,307,307,920038,1105288000,9865493282,2021-22
112721,24202,9,66353609831,39,365,365,12866535,17053557234,181122289650,2021-22
119527,24105,19,104260700000,11,365,365,13450482,44841140000,230085978200,2021-22
119528,24103,19,101980400000,17,365,365,5585508,22818558638,229267835334,2021-22
119535,24105,19,46619269437,12,356,356,2617843,2296959615,95183154246,2021-22
119540,24104,19,8857556958,38,365,365,1722775,1078675182,24337707424,2021-22
119543,24102,19,42952200000,23,365,365,9495219,5738700000,112224002960,2021-22
119544,24101,19,4202305049,10,365,365,693485,451610000,8557447730,2021-22
119545,24101,19,23857318760,10,365,365,4802214,5193897473,52664868650,2021-22
119552,24102,19,4979329501,1,342,342,577515,245002758,10166667530,2021-22
119553,24103,19,1230008902,1,361,361,139325,41253428,2373280970,2021-22
119559,24105,19,22947603388,1,353,353,3456343,2742422991,44912753830,2021-22
119567,24102,19,37865012092,17,365,365,7121526,5210557664,83102722722,2021-22
119580,24101,19,7958805486,10,365,365,648138,552595093,16848349100,2021-22
119582,24105,19,3050838371,10,354,354,393098,275105880,6446830812,2021-22
119584,24104,19,13015364030,1,365,365,1369298,611281625,27917534366,2021-22
119586,24103,19,2312559074,10,357,357,426649,153615260,4677138836,2021-22
119589,24104,19,9853566580,11,365,365,889207,482703194,21830876298,2021-22
119591,24103,19,21949875333,7,357,357,3508920,2679169398,55285926278,2021-22
119596,24103,19,11530738530,8,365,365,1181772,496467511,23775373438,2021-22
119597,24107,19,838979186,31,300,300,168384,154557230,1786338752,2021-22
119604,24105,19,6147892151,8,361,361,484212,189910162,12651503744,2021-22
119617,24106,19,872026000,2,304,304,119183,79643274,1819620386,2021-22
119624,24104,19,6513673000,17,304,304,436672,313342000,15395622352,2021-22
119628,24105,19,2254277918,10,352,352,232692,112323747,4579173358,2021-22
119644,24202,19,1013250119,17,302,302,202758,79967710,2021942674,2021-22
120656,24105,20,425739757310,11,365,365,50732016,77663084673,1173203590148,2021-22
120674,24105,20,45256573050,2,365,365,5776503,6160891428,102590564036,2021-22
120692,24104,20,6380142857,33,311,311,388788,244730920,12529058564,2021-22
120694,24102,20,1918977000,11,311,311,890403,496235000,1723741574,2021-22
120708,24105,20,62484391362,10,365,365,6258516,5693530345,126069967004,2021-22
120734,24201,20,184691110,93,299,299,192167,262768947,521814000,2021-22
121491,24105,21,165543600000,6,365,365,38540251,62782098539,460890190036,2021-22
121503,24104,21,3023503504,62,365,365,706568,1037188134,8734575962,2021-22
121525,24104,21,16857600000,92,365,365,3569845,4526500000,48101768640,2021-22
121541,24105,21,185126899999,25,365,365,5903533,6529703721,401872403506,2021-22
121586,24105,21,155772000075,18,365,365,13360670,15884885907,378476837050,2021-22
121588,24105,21,241883038678,32,365,365,21973109,18514488781,520210812538,2021-22
121606,24202,21,1229205922,27,302,302,264954,148289275,2490748146,2021-22
121608,24202,21,301842200000,80,365,365,15583200,10896638500,745407604068,2021-22
121616,24202,21,590619635,17,304,304,14116,7979320,1188037958,2021-22
122236,24103,22,252902699999,2,365,365,34106726,87823866058,539007060480,2021-22
122295,24101,22,169079495781,12,313,313,3629073,6718266956,396574923942,2021-22
122382,24103,22,17844382823,4,365,365,2223025,2290989375,50736284684,2021-22
122428,24202,22,4182889000,13,316,316,216600,194029200,9084779594,2021-22
123898,24106,23,459457078,12,302,302,225572,140007150,655183490,2021-22
123940,24202,23,183353638,1,365,365,238998,127255440,400464342,2021-22
127236,23941,24,5949602678,10,365,365,916770,1107068280,11746242038,2021-22
127238,23941,24,7214350627,6,363,363,1292250,1276564820,16367535902,2021-22
127299,24106,24,1866068349,7,307,307,542608,376745272,3487656254,2021-22
127301,24105,24,307723559900,29,365,365,15687121,16078042744,763862276634,2021-22
127309,24105,24,12610443000,80,307,307,1048242,1764648064,27023767122,2021-22
127323,24105,24,17730148000,3,310,310,987374,941073910,7345625406,2021-22
127334,24106,24,225221995,61,313,313,133542,162017070,416698242,2021-22
127380,24101,24,318810791,12,311,311,119504,53537582,610996462,2021-22
127412,24209,24,2319174662,7,313,313,434597,348465758,4911289466,2021-22
127429,24209,24,4255788177,12,305,365,219896,117906706,8664314604,2021-22
129939,24202,25,450018598,2,294,294,306992,133684259,1048317808,2021-22
129942,24209,25,7032507309,12,320,320,625870,312537020,13879676630,2021-22
129943,24203,25,6354752026,52,335,335,111299,64252117,13564605186,2021-22
129949,24202,25,4841732000,6,350,357,205740,197121641,10432110308,2021-22
129950,24201,25,25967405816,7,365,365,605161,642424567,52985584564,2021-22
132076,20129,27,533159538,34,314,314,77063,78864968,947068806,2021-22
133007,24105,27,27752375341,10,365,365,3936029,4767393884,48057172838,2021-22
133008,24105,27,80857499970,45,365,365,1635425,3056146871,168356368048,2021-22
133022,24106,27,1251252121,57,313,313,263713,382877869,2357128014,2021-22
133026,24105,27,6083522372,75,307,307,602242,676504630,13114264208,2021-22
133028,24106,27,32363611634,6,308,308,1763800,3840330946,65092917994,2021-22
133038,24105,27,13245449573,3,306,306,565390,663724840,26907350192,2021-22
133042,24105,27,73162799072,10,365,365,8155622,8267701725,160572348072,2021-22
133050,24105,27,41771384311,5,365,365,2653835,1725873272,94944162380,2021-22
133062,24106,27,2022725859,88,299,299,246979,419160138,4666812390,2021-22
133066,24105,27,39750571945,9,365,365,3432614,5425606843,99930422928,2021-22
133108,24103,27,514937058,9,304,304,95348,101392536,864932164,2021-22
133143,24106,27,220034300,2,305,305,134179,76132208,463194800,2021-22
133151,24104,27,735812000,45,291,291,96414,44737327,1722885220,2021-22
133154,24202,27,14496130923,5,365,365,409898,1097642479,31007430702,2021-22
133159,24201,27,2415662402,14,305,305,136166,106032404,4925798064,2021-22
133160,24202,27,9125922211,8,365,365,448476,723676404,19145728444,2021-22
133171,24209,27,2804917365,12,315,315,157653,126884141,7174876152,2021-22
133177,24202,27,12556107793,26,360,360,759676,567535690,26128064296,2021-22
133178,24209,27,5167344807,23,306,306,233327,322356314,12294989822,2021-22
133180,24202,27,383902736,30,307,307,248192,183893446,900031504,2021-22
133181,24209,27,923281667,93,302,302,36080,96182740,2282515532,2021-22
133194,24209,27,2966159117,31,298,298,213888,290984842,6586098660,2021-22
133468,24106,27,946874411,30,305,305,84856,48524241,1907370132,2021-22
135834,24201,27,2787395254,2,305,305,98260,78656736,5648433246,2021-22
137399,23942,28,3344071859,42,278,365,259279,230056976,6313948014,2021-22
137431,24104,28,2509549784,9,365,365,405051,377967778,986695196,2021-22
137433,24105,28,258797713952,20,365,365,15092182,65269933858,548694103130,2021-22
137470,24104,28,5354464800,44,365,365,479954,396708014,14063236324,2021-22
137493,24104,28,8155917689,100,365,365,629133,893064666,28555064928,2021-22
137498,24203,28,5142624193,50,365,365,397044,194198898,10528937092,2021-22
137502,24104,28,7558856523,95,365,365,1168655,1007300007,17787637884,2021-22
137505,24203,28,2433800394,14,287,287,134778,136757480,4941309260,2021-22
137509,24202,28,11389175263,67,271,271,292482,388946131,23833801844,2021-22
137821,24104,28,1032597755,100,365,365,205660,121112276,2138112292,2021-22
140255,24106,29,62492900,74,295,295,31120,21116872,147216110,2021-22
140323,24209,29,1886732463,91,302,302,378902,504526405,4055293306,2021-22
140370,24106,29,307437122,94,301,301,59648,40588904,630541448,2021-22
142088,20121,30,11896371,95,302,302,19532,12677572,24911056,2021-22
143433,20129,32,181015641,1,292,292,38496,31853894,369710392,2021-22
143711,24103,32,596914000,2,297,297,245479,361265542,941025098,2021-22
150846,24105,33,1038920671,7,306,306,100947,101068982,2154380302,2021-22
150875,24103,33,5474283199,2,302,302,527882,400778976,11013290884,2021-22
150879,24101,33,4254563000,8,331,331,822710,572698702,6586557578,2021-22
150896,24105,33,1642316581,19,301,301,193529,190624729,3374323334,2021-22
150944,24202,33,1241787718,41,304,304,228996,90867778,2613921188,2021-22
150985,24203,33,3775421096,62,356,356,750550,377626998,7647058084,2021-22
150990,24203,33,8023986620,60,365,365,227498,210630086,16697629192,2021-22
151179,24202,33,1561809989,99,293,293,180082,153862212,3110820478,2021-22
151959,24201,33,11060288000,85,311,311,985930,795590810,22263207824,2021-22
152789,24105,33,115435629,7,306,306,13569,11941446,239375590,2021-22
155994,24104,36,3343924200,8,306,306,175602,299340986,7422775986,2021-22
156003,24104,36,9719645199,40,365,365,811323,665906005,19898941428,2021-22
156044,24209,36,5343829000,62,304,304,145524,90277840,10861802000,2021-22
203138,24105,7,598049446,5,262,262,2492,6583496,1183644112,2021-22
207352,24104,19,257981352,8,301,301,28120,24340374,755250892,2021-22
207369,24202,19,893519987,3,301,301,34890,31273634,1773492136,2021-22
208236,24104,21,1460976337,21,304,304,113335,68288784,4384457178,2021-22
208240,24102,21,2886723000,1,365,365,131770,46662333,5982412728,2021-22
211332,24202,24,65246958,1,305,305,19261,9643707,136662046,2021-22
211536,24209,24,539991500,40,305,305,37002,35753560,1047254036,2021-22
213608,24105,27,937972623,12,307,307,47638,62726526,1825769774,2021-22
213610,24105,27,2937103753,1,311,311,131253,154769064,5808997986,2021-22
213634,24104,27,1745388816,6,297,297,53300,88690918,3679924338,2021-22
216251,24203,28,1730014376,12,311,311,204016,114927470,3478663110,2021-22
217265,24202,29,106090151,50,293,293,35635,22542620,217734844,2021-22
219564,20121,33,34035285,57,285,285,43613,28719201,75375048,2021-22
223278,24203,36,505177817,20,306,306,18124,13957040,1021286448,2021-22
102098,24103,3,457929500,88,307,307,303956,311769690,695242908,2022-23
102102,24103,3,1876528000,4,307,307,480226,452350000,2015270057,2022-23
102135,24202,3,788247902,7,305,305,245122,157590146,815208600,2022-23
102878,24202,4,976479131,15,308,308,134812,206382272,1038458984,2022-23
103526,24202,5,9900635550,10,299,299,307016,645084814,10286098858,2022-23
105014,20129,6,1138851698,16,306,306,340682,273891066,1077691328,2022-23
105300,24101,6,9689386000,48,306,306,750415,1149664896,9786696112,2022-23
105304,24105,6,2601955000,15,308,308,369250,247156000,2696567231,2022-23
105338,24107,6,3966742616,14,303,303,1284083,913471874,4276946216,2022-23
105362,24203,6,2588244000,8,306,306,93670,101396000,2569847075,2022-23
105367,24202,6,3663688128,23,303,303,196867,267282543,3901677290,2022-23
109377,24105,8,427702867,2,305,305,173352,135012588,363942842,2022-23
109378,24106,8,6652289502,1,309,309,432490,322357616,6994486078,2022-23
109414,24101,8,9524733192,12,358,358,550571,794371001,14505038294,2022-23
109443,24202,8,3382181713,2,306,306,419326,261573322,2875886448,2022-23
109444,24203,8,105114787986,42,365,365,4306121,7422243277,160357241445,2022-23
109449,24202,8,1148019462,25,308,308,50330,66426978,1163650454,2022-23
109450,24203,8,68729699288,5,365,365,262126,1463529328,70629697642,2022-23
109470,24203,8,25833877299,1,365,365,1237790,1981211414,31263340791,2022-23
109474,24209,8,616109929,1,358,358,35360,40934456,634925335,2022-23
113049,20121,9,6415773274,44,360,360,649391,685957181,5539699185,2022-23
113738,24105,9,6411719000,19,365,365,1092343,1154828000,3881853471,2022-23
113821,24209,9,147906772,70,300,300,36606,41634442,151977415,2022-23
121044,24105,19,128097100000,4,365,365,12866424,42420563596,132835861111,2022-23
121053,24105,19,48983070663,11,356,356,2745509,2093497587,52426349075,2022-23
121054,24105,19,1257482000,5,300,300,245702,165491591,1247607003,2022-23
121057,24104,19,6137371694,51,305,305,835345,797036400,6846576336,2022-23
121058,24104,19,9552276888,46,365,365,1580422,1320283773,8759492609,2022-23
121061,24102,19,67932000000,16,365,365,11934299,6855400000,68501233557,2022-23
121070,24102,19,4233138436,1,356,356,594654,280362375,4339584988,2022-23
121071,24103,19,1509896932,13,362,362,260006,100102076,1119291161,2022-23
121075,24105,19,25755587531,5,354,354,4032134,3400876463,26928855336,2022-23
121083,24102,19,49879257261,17,365,365,7427431,5996778888,53714032054,2022-23
121100,24104,19,14516997627,3,365,365,1421573,712357512,15744293298,2022-23
121107,24103,19,29491949862,3,365,365,4516256,3578648796,30547582591,2022-23
121113,24107,19,603067529,6,302,302,154800,129172916,614556948,2022-23
121120,24105,19,7430851515,1,354,354,345856,213055294,7573926675,2022-23
121132,24106,19,1227557000,2,302,302,134767,87923000,1257794945,2022-23
121139,24104,19,7810015500,20,300,300,246781,163422500,8226353502,2022-23
121142,24102,19,9672119623,3,365,365,650836,350213252,7456287324,2022-23
121147,24102,19,32058755747,20,365,365,2215010,1348169262,38454971192,2022-23
122217,24105,20,583128170843,11,365,365,50607381,79725363665,753914616997,2022-23
122244,24104,20,2113584393,1,307,307,155274,236022600,2897831496,2022-23
122251,24104,20,6615382335,19,306,306,421818,280575080,6810899647,2022-23
122254,24102,20,11134919000,12,312,312,1164565,768138000,11489192323,2022-23
122263,24101,20,4071105141,5,365,365,454914,273765264,3152033540,2022-23
122293,24202,20,16642010694,4,365,365,2630275,1794126370,17205353716,2022-23
122298,24201,20,163273990,8,312,312,179639,210227805,3844710,2022-23
123087,24104,21,5243456000,10,336,365,777518,833846000,3620369534,2022-23
123107,24104,21,21337800000,92,365,365,3191543,4265500000,25548290063,2022-23
123118,24105,21,200067189484,13,365,365,37465740,23206826894,201334578103,2022-23
123123,24105,21,216241825340,15,365,365,6152802,6388968098,226660302102,2022-23
123144,24105,21,256110221566,14,365,365,5086777,8847338078,281950956307,2022-23
123171,24105,21,268043595886,12,365,365,14428265,17628138813,191668366566,2022-23
123175,24105,21,20771521826,3,365,365,771870,860120603,9839611404,2022-23
123193,24202,21,403312200000,80,365,365,16029000,12042621542,389726644456,2022-23
123938,24104,22,2723160000,14,317,317,159432,211903472,1725965951,2022-23
123957,24102,22,8266983000,3,310,310,1424233,1181719706,8787277355,2022-23
123968,24102,22,36950770125,6,306,306,5179710,4640710339,47462276549,2022-23
123991,24103,22,20975858794,3,365,365,2460700,2728280388,29376096875,2022-23
124001,24103,22,4949571000,4,317,317,629454,311324320,5609792923,2022-23
124053,24202,22,3662580000,16,316,316,194688,191011776,4033814024,2022-23
128086,20121,24,64301210919,7,365,365,2661657,12125978793,80909403178,2022-23
128089,20121,24,81185595826,1,365,365,2015518,12974341286,102629874963,2022-23
129257,24106,24,2324409912,13,308,308,587147,489810349,2163769547,2022-23
129268,24105,24,10082101851,64,308,308,1107228,1613299668,11961699167,2022-23
129281,24102,24,4990326000,2,316,316,664455,435865330,4981085919,2022-23
129282,24106,24,37618085752,95,354,354,1718867,2024227745,44139510475,2022-23
129294,24106,24,263636265,68,313,313,130238,160629034,266084531,2022-23
129306,24106,24,8005555000,53,313,313,1178367,1176433144,8017774246,2022-23
129339,24101,24,323459600,5,305,305,108029,48568580,331096949,2022-23
129390,24209,24,4080462468,55,309,309,205006,131324650,4200474685,2022-23
129411,24209,24,463059043,100,298,298,182912,86871884,427807205,2022-23
131943,24209,25,576515424,63,314,314,355164,319228705,559468143,2022-23
131956,24202,25,5470562000,5,354,354,191480,194406979,5397193348,2022-23
135717,24104,27,13665073240,3,365,365,1511757,1637608819,13227012234,2022-23
135729,24106,27,1494359661,63,304,304,275614,420573787,1453634000,2022-23
135732,24105,27,7340369557,71,308,308,749480,1137170208,8329898139,2022-23
135734,24106,27,37462200000,20,308,308,1716984,3939178282,39097685148,2022-23
135735,24104,27,452729678,29,304,304,100746,72005750,471496497,2022-23
135746,24105,27,14814559849,4,365,365,860535,877842973,15042741488,2022-23
135762,24105,27,392087446770,7,365,365,10659168,22642074895,461164892363,2022-23
135770,24106,27,2332807486,82,302,302,348612,549325360,2548355218,2022-23
135792,24101,27,1901659462,28,304,304,140310,231890841,1916266795,2022-23
135798,24103,27,13332005000,13,365,365,353988,480082300,12448271228,2022-23
135821,24103,27,854458649,20,307,307,146799,139460091,897473924,2022-23
135823,24105,27,6781769510,54,306,306,118448,186780484,6924036028,2022-23
135835,24105,27,60679920251,1,365,365,1665479,2216360990,64668435630,2022-23
135841,24105,27,111739941812,5,309,309,1825308,4138575555,107435122539,2022-23
135863,24106,27,2318120671,7,307,307,133536,95680680,2322531501,2022-23
135874,24202,27,15332449576,5,365,365,446520,1238715073,15167703793,2022-23
135877,24202,27,5633236025,4,307,307,309533,370070678,5853832069,2022-23
135882,24202,27,9897460492,13,365,365,290972,683968004,10928321131,2022-23
135899,24202,27,14484620495,25,365,365,745982,548398033,14765101142,2022-23
135903,24209,27,5828836655,74,304,304,250912,701344349,6560144851,2022-23
135906,24209,27,1031779562,94,293,293,24612,103692280,1268899263,2022-23
140674,24104,28,3115375767,62,365,365,432739,396613055,973580455,2022-23
140689,24105,28,23089859000,2,363,363,1915290,2653366946,22907098125,2022-23
140706,24104,28,9230902883,100,365,365,650749,659162129,12098754704,2022-23
140715,24104,28,7517929000,100,365,365,489752,319498933,8228965058,2022-23
140718,24104,28,8881971048,45,365,365,684782,562609072,9163653887,2022-23
140720,24104,28,8873566839,95,365,365,1005113,738398211,7041424471,2022-23
140733,24103,28,1227597284,16,306,306,138795,125376737,1431275540,2022-23
140754,24203,28,1810855174,32,305,305,198294,295232948,1848359429,2022-23
140758,24202,28,12641995688,65,271,271,717355,583457432,12511032212,2022-23
140760,24202,28,12406924294,80,365,365,1021458,1123639567,8726394029,2022-23
143608,24101,29,18647155809,1,365,365,3569120,3259787872,20520644919,2022-23
143612,24106,29,388865607,94,300,300,145024,63238194,408424386,2022-23
143636,24202,29,34533897457,10,306,306,3526430,3716880289,38807300421,2022-23
143653,24202,29,633015899,26,303,303,32114,34823588,633066687,2022-23
145549,20121,30,14546348,90,302,302,18820,11626634,21448288,2022-23
145642,24101,30,30226773982,27,300,300,1795913,1977593374,33332050238,2022-23
147115,24103,32,746361000,12,298,298,258099,392626038,736166121,2022-23
155724,24105,33,1420604749,3,306,306,108246,123596800,1172303139,2022-23
155726,24105,33,27142385641,24,303,303,2668013,3285888920,30814374717,2022-23
155773,24105,33,953487000,26,350,350,483718,338424000,1115848517,2022-23
155777,24105,33,1894396299,5,303,303,223176,260772600,1937398159,2022-23
155857,24202,33,1666038702,99,306,306,212558,171914180,1663559699,2022-23
155871,24203,33,16612825495,43,313,313,1057891,865113399,16610220248,2022-23
155876,24203,33,3641266179,44,356,356,726394,369346577,3606589916,2022-23
155906,24103,33,447661860,1,317,317,261152,146407860,463946940,2022-23
156394,24201,33,280452690,4,300,300,59172,79051446,296383738,2022-23
160378,24104,34,3391327100,18,302,302,314871,1108963391,3593511523,2022-23
160386,24202,34,656562480,2,303,303,105113,56795106,686030161,2022-23
161832,24104,36,4176816017,9,306,306,190562,290664144,4445202293,2022-23
161880,24209,36,5170526000,53,302,302,167275,123362448,5194895442,2022-23
202225,24103,6,10520437705,16,305,305,368764,281289166,10235897347,2022-23
207658,24202,22,262425766,20,307,307,48916,28840492,247974514,2022-23
209786,24209,24,298939209,7,305,305,97348,74574104,306884624,2022-23
209788,24209,24,163345590,33,305,305,57804,30926538,170145145,2022-23
209795,24202,24,182713513,38,314,314,159654,98418566,200966233,2022-23
211733,24105,27,771173978,40,303,303,20854,27730000,744934923,2022-23
211884,24104,27,2327727256,30,297,297,57702,83464648,2426714693,2022-23
214950,24203,29,263391650,2,305,305,16580,16936428,263508958,2022-23
102179,24103,3,12685500000,2,305,305,1995272,1595400000,26690005186,2023-24
102189,24103,3,432643528,76,306,306,271752,286038530,1252409092,2023-24
102196,24105,3,2178024900,16,365,365,321958,284098304,5774040548,2023-24
102227,24202,3,811009200,4,305,305,249628,161536040,1694339826,2023-24
102958,24202,4,749931222,15,307,307,139762,248765862,1555639404,2023-24
105401,24105,6,119421399027,12,357,357,7415935,9168412681,267264182574,2023-24
105405,24101,6,12273069000,53,304,304,883924,1410505372,24021151566,2023-24
105409,24105,6,2289127000,10,310,310,355084,237606000,4753582908,2023-24
105436,24103,6,10632325040,12,305,305,514376,416091702,21724772196,2023-24
105437,24106,6,725822894,28,303,303,330222,468986438,1635543702,2023-24
105440,24107,6,3645907000,16,304,304,1304418,954019000,8050519484,2023-24
105466,24202,6,4243858210,17,305,305,206750,298935934,9717835644,2023-24
109382,23941,8,7489090710,21,366,366,785817,1022437952,20029289560,2023-24
109619,24203,8,109233233752,27,365,365,4614192,8186178926,261584488390,2023-24
109624,24202,8,1070243983,25,307,307,51606,68566830,2215201856,2023-24
109625,24203,8,63620527241,17,366,366,299994,1637706008,137605394836,2023-24
109627,24201,8,590981603,52,359,359,76402,82498790,1179756710,2023-24
109644,24203,8,28056367604,1,366,366,1565195,2098612476,56208534980,2023-24
109649,24202,8,584080765,4,366,366,28922,38182554,1213640942,2023-24
109656,24209,8,421678010,81,306,306,200120,223717818,903270442,2023-24
114016,24106,9,34291645915,2,303,303,514717,450634822,68434642740,2023-24
114043,24105,9,1079293616,51,310,310,330000,300151510,2308535710,2023-24
114045,24105,9,7006229000,17,366,366,1090165,1182038000,7716620784,2023-24
114100,24202,9,72659210897,28,366,366,10976565,18793208620,176575447582,2023-24
114268,24103,9,1596337229,60,302,302,377307,236591103,3670035382,2023-24
121532,24105,19,123447400000,3,366,366,12309867,43438324645,245177731066,2023-24
121533,24103,19,121731924152,2,365,365,5522380,18443977970,254454770982,2023-24
121540,24105,19,51083038607,3,357,357,2619801,2200974576,107086165680,2023-24
121545,24104,19,9246480943,23,366,366,1735055,1555441419,15915295846,2023-24
121547,24102,19,64166700000,16,366,366,10894684,7803018000,134441617234,2023-24
121556,24102,19,3575852470,1,361,361,594697,285853004,7426592014,2023-24
121582,24105,19,26794603000,9,342,365,3375026,2679421857,56871731978,2023-24
121585,24105,19,4131320612,2,352,352,461367,327161630,8235125696,2023-24
121587,24104,19,13158778281,2,366,366,1491813,893464700,28538366064,2023-24
121592,24104,19,9173266323,9,365,365,949864,565048705,20538285350,2023-24
121594,24103,19,30412155460,3,366,366,5564206,4066300625,62605858246,2023-24
121600,24103,19,12368023800,12,365,365,1296362,587304025,25965952718,2023-24
121601,24107,19,1096572100,24,301,301,160800,156118270,2331317366,2023-24
121629,24101,19,33077920000,11,366,366,1885528,1482390925,66099601038,2023-24
121637,24102,19,12897249062,8,366,366,1314391,871433830,26452085256,2023-24
121638,24105,19,3871609222,1,313,313,356473,200299823,7933545548,2023-24
121641,24102,19,51412500000,17,366,366,3873110,2552713870,121515655140,2023-24
121653,24201,19,1040639369,12,313,313,69616,55747294,2018118576,2023-24
122699,24105,20,648370215383,2,366,366,54615900,92298829380,1548401615358,2023-24
122726,24104,20,1844567000,1,305,305,156614,272216636,4810264886,2023-24
123563,24105,21,225130399999,2,366,366,36615792,61599352166,489049178848,2023-24
123618,24105,21,234442217488,18,366,366,6785064,9045563446,508628803652,2023-24
123640,24105,21,217091752154,12,366,366,4855344,9120446778,526050629720,2023-24
123667,24105,21,234010130595,6,366,366,15421599,19042061390,341721298774,2023-24
123668,24104,21,4311923080,62,366,366,621672,854940986,6733385466,2023-24
123689,24202,21,1593072763,20,310,310,483630,387569864,3222997620,2023-24
124441,24101,22,169723573723,6,366,366,4759362,7187856817,404408540296,2023-24
124449,24107,22,2869326000,1,307,307,275602,144822407,6596455460,2023-24
124466,24102,22,16332000000,4,308,313,988159,806385157,31442644566,2023-24
124595,24202,22,143245300000,16,305,305,4171290,10411767107,222715804372,2023-24
124604,24209,22,841856501,6,306,306,146480,112664734,1817407182,2023-24
128800,20121,24,52981546965,4,313,313,2467086,17669185095,114636979000,2023-24
129993,24105,24,343168100000,21,366,366,24341895,26355800000,637408136036,2023-24
130000,24105,24,8955588673,70,309,309,1151630,1758811016,21218739584,2023-24
130011,24102,24,5617315000,1,316,316,449104,325628000,11418388166,2023-24
130069,24101,24,353639410,5,308,308,110200,49124951,730766492,2023-24
130122,24209,24,161277297,87,313,313,118630,86820248,394683730,2023-24
130131,24201,24,3084074000,1,312,312,181022,159550148,6027669308,2023-24
130150,24209,24,4289004001,10,312,312,149132,84272002,8421158476,2023-24
132766,24209,25,557827374,64,313,313,339027,365190321,1128845000,2023-24
136353,23942,27,7465908468,15,360,360,245204,621387919,16299672070,2023-24
136508,24105,27,45948834177,12,366,366,1743986,2697920760,91817239434,2023-24
136516,24106,27,1575656166,58,313,313,273105,466557957,2933852000,2023-24
136519,24105,27,6784473199,67,312,312,531940,1904277858,13933108090,2023-24
136521,24106,27,37644200000,9,356,356,2376386,5006600000,78107068354,2023-24
136530,24105,27,1887347965,8,313,313,337560,312939444,3892761960,2023-24
136533,24105,27,16829415000,2,366,366,899564,1012122543,33499586456,2023-24
136536,24105,27,173096938,3,306,306,32384,24234048,321918210,2023-24
136558,24106,27,2632113998,81,303,303,362868,619636240,6133560132,2023-24
136561,24105,27,3537759831,9,315,315,363613,237758566,7131891034,2023-24
136578,24101,27,1756497961,39,308,308,152142,243960342,3407943160,2023-24
136583,24103,27,15833625144,16,307,307,423262,579234031,26692871372,2023-24
136591,24105,27,3202406986,1,315,315,141946,186282174,6118427532,2023-24
136605,24103,27,1024819197,24,308,308,226616,243620533,2119855962,2023-24
136607,24105,27,7261838454,1,307,307,122704,210004166,13989365562,2023-24
136625,24105,27,105466055142,2,309,309,1941604,4441287221,220044927424,2023-24
136641,24104,27,2373771521,13,310,310,143380,278592400,5242440740,2023-24
136648,24106,27,1574952695,6,306,306,119344,79939306,2863008618,2023-24
136666,24202,27,6131468000,8,304,304,345003,483087298,12883456314,2023-24
136671,24202,27,7892707533,5,365,365,275290,728532422,17357881258,2023-24
136685,24202,27,12111126204,25,306,306,625226,448808867,24873391498,2023-24
136719,24202,27,1358068000,27,303,303,53039,64253702,2754128000,2023-24
141638,24104,28,1726204915,55,366,366,278141,279932269,945226374,2023-24
141651,24105,28,21755817179,3,364,364,2028045,2640550402,39549530042,2023-24
141670,24104,28,8152076487,100,366,366,337664,352869780,17394535848,2023-24
141677,24104,28,5314740000,100,366,366,406825,279888673,10661183682,2023-24
141678,24104,28,4508066000,25,366,366,471278,418253782,9122473778,2023-24
141679,24104,28,8781269277,16,366,366,753358,618424253,18551865484,2023-24
141681,24104,28,8853949357,95,366,366,1024140,818943866,16562038114,2023-24
141692,24103,28,1561632651,15,305,305,172334,167148748,3042296840,2023-24
141716,24204,28,131119475,100,183,335,3572,11977958,408889306,2023-24
141723,24202,28,18918415454,85,366,366,1346718,1554242350,31039219018,2023-24
144010,20129,29,1050742635,1,366,366,162871,282322083,2119224776,2023-24
144572,24105,29,530328912966,9,366,366,22553437,35530399645,1348072217172,2023-24
144604,24101,29,17727865093,1,366,366,3548128,3721148222,38853752486,2023-24
144608,24106,29,289702722,89,310,310,120410,62396374,597640930,2023-24
144650,24209,29,32901130,66,305,305,10462,8008400,67635958,2023-24
147990,24102,32,2637476973,100,366,366,331370,584213566,5960689830,2023-24
148227,24103,32,711876355,3,295,295,247375,372385376,1080092806,2023-24
156712,24105,33,1395090100,5,306,306,149994,209833448,2877979102,2023-24
156830,24209,33,274875623,4,301,301,77065,66834873,402115680,2023-24
156841,24209,33,195808000,18,305,305,132370,148927550,429678000,2023-24
156857,24201,33,219677734,74,314,314,198722,113647570,388202864,2023-24
156861,24202,33,12833753000,74,301,301,756144,684226940,25949183234,2023-24
156892,24203,33,2875643000,25,313,313,274342,223271000,6133892210,2023-24
162464,20129,36,4877116000,38,302,302,187596,226782800,10603457750,2023-24
163009,24202,36,2499806000,2,304,304,455688,324981450,5077699114,2023-24
163018,24209,36,8680091000,24,303,303,309962,242379000,16815135516,2023-24
206475,24203,19,2824559000,4,299,299,58644,66637056,5621802548,2023-24
209698,24103,24,408221577,25,110,110,2048,1095600,824806824,2023-24
211893,24204,27,199557748,26,302,302,34696,17006400,429365374,2023-24
